{
  "urls": [
    "ch3.mp3",
    "ch3.ogg",
    "ch3.m4a"
  ],
  "sprite": {
    "silence": [
      0,
      1000,
      true
    ],
    "BetMax": [
      1050,
      1188.1859410430839
    ],
    "BonusMeterReveal4": [
      3100,
      2748.5260770975055
    ]
  }
}