{
  "urls": [
    "ch1.mp3",
    "ch1.ogg",
    "ch1.m4a"
  ],
  "sprite": {
    "silence": [
      0,
      1000,
      true
    ],
    "BetDown": [
      1050,
      637.6870748299319
    ],
    "BonusMeterReveal2": [
      2100,
      1618.9115646258504
    ],
    "MusicTermLose": [
      4150,
      3333.333333333334
    ],
    "MusicTermWin": [
      8200.000000000002,
      6249.546485260771
    ],
    "Reveal02": [
      15250.000000000002,
      914.3990929705215
    ]
  }
}