{
  "urls": [
    "ch2.mp3",
    "ch2.ogg",
    "ch2.m4a"
  ],
  "sprite": {
    "silence": [
      0,
      1000,
      true
    ],
    "BaseSymbolRevealWin": [
      1050,
      1424.4671201814058
    ],
    "BetUp": [
      3100,
      611.4058956916098
    ],
    "BonusMeterReveal3": [
      4149.999999999999,
      1948.775510204082
    ],
    "BonusSymbolReveal": [
      6200,
      1006.4852607709751
    ]
  }
}