{
  "urls": [
    "ch4.mp3",
    "ch4.ogg",
    "ch4.m4a"
  ],
  "sprite": {
    "silence": [
      0,
      1000,
      true
    ],
    "BuyButton": [
      1050,
      3546.1678004535147
    ],
    "Click": [
      5100,
      72.83446712018105
    ],
    "RevealAllButton": [
      6149.999999999999,
      1689.569160997732
    ]
  }
}